first_name,last_name,linkedin_url,email_address,company,position,connection_date
Alex,Johnson,https://www.google.com/search?q=https://linkedin.com/in/ajohnsontech,alex.johnson@mockcorp.com,NovaTech Solutions,VP of Engineering,2024-11-01
Brenda,Chen,https://www.google.com/search?q=https://linkedin.com/in/brendachenphd,brenda.chen@quantix.io,Quantix Analytics,Senior Data Scientist,2024-10-25
Chris,Miller,https://www.google.com/search?q=https://linkedin.com/in/chrismillercrm,chris.miller@globex.net,Globex Dynamics,CRM Consultant,2024-09-15
Dana,Rodriguez,https://www.google.com/search?q=https://linkedin.com/in/drodresearch,dana.rodriguez@biopure.org,BioPure Labs,Research Director,2024-11-10
Elijah,Kim,https://www.google.com/search?q=https://linkedin.com/in/elijahkdesign,elijah.kim@creativeflow.com,Creative Flow Agency,Lead UI/UX Designer,2024-08-20
Fatima,Al-Farsi,https://www.google.com/search?q=https://linkedin.com/in/fatimaafs,fatima.alfarsi@falconcap.biz,Falcon Capital,Investment Analyst,2024-11-15
George,Santos,https://www.google.com/search?q=https://linkedin.com/in/georgesantosdev,george.santos@devbridge.app,DevBridge Software,Full Stack Developer,2024-07-01
Helen,Wang,https://www.google.com/search?q=https://linkedin.com/in/helenwstrategy,helen.wang@stratosinc.co,Stratos Inc.,Business Strategist,2024-10-05
Ian,Patel,https://www.google.com/search?q=https://linkedin.com/in/ianpatelhr,ian.patel@horizonhr.net,Horizon HR Group,Talent Acquisition Manager,2024-11-03
Jasmine,Lee,https://www.google.com/search?q=https://linkedin.com/in/jasleecloud,jasmine.lee@cloudstream.tech,CloudStream Tech,Cloud Solutions Architect,2024-09-28
Kevin,Brown,https://www.google.com/search?q=https://linkedin.com/in/kevinbproduct,kevin.brown@pioneerprod.co,Pioneer Products,Senior Product Manager,2024-08-14
Laura,Scott,https://www.google.com/search?q=https://linkedin.com/in/laurascottlaw,laura.scott@legalcorp.firm,LegalCorp Associates,Corporate Counsel,2024-11-20
Marcus,Davis,https://www.google.com/search?q=https://linkedin.com/in/marcusdgis,marcus.davis@geospatial.map,GeoSpatial Mapping,GIS Specialist,2024-10-18
Nicole,Garcia,https://www.google.com/search?q=https://linkedin.com/in/nicolegmarketing,nicole.garcia@marketingpro.io,Marketing Pro,Digital Marketing Lead,2024-09-02
Oliver,White,https://www.google.com/search?q=https://linkedin.com/in/oliverwfinance,oliver.white@finwell.com,FinWell Group,Financial Controller,2024-11-08
Pamela,Jones,https://www.google.com/search?q=https://linkedin.com/in/pamelajsupply,pamela.jones@globalchain.net,GlobalChain Logistics,Supply Chain Analyst,2024-10-12
Quincy,Hall,https://www.google.com/search?q=https://linkedin.com/in/quincyhallqa,quincy.hall@testfire.app,TestFire Solutions,QA Engineer,2024-07-25
Rachel,Smith,https://www.google.com/search?q=https://linkedin.com/in/rachelssales,rachel.smith@salesforce.cloud,Salesforce Partner,Account Executive,2024-11-05
Samuel,Tang,https://www.google.com/search?q=https://linkedin.com/in/samueltcloudsec,samuel.tang@securelink.io,SecureLink Corp,Cybersecurity Consultant,2024-09-20
Tiffany,Green,https://www.google.com/search?q=https://linkedin.com/in/tiffanygpr,tiffany.green@publictrust.agency,Public Trust Agency,PR Specialist,2024-10-01
Victor,Lopez,https://www.google.com/search?q=https://linkedin.com/in/victorlenergy,victor.lopez@renewable.co,Renewable Energy Co.,Project Manager,2024-08-05
Wendy,Young,https://www.google.com/search?q=https://linkedin.com/in/wendyydevops,wendy.young@codefusion.app,Code Fusion Labs,DevOps Engineer,2024-11-18
Xavier,Hunt,https://www.google.com/search?q=https://linkedin.com/in/xavierhconsult,xavier.hunt@strategyone.biz,Strategy One Consulting,Senior Consultant,2024-09-10
Zara,Evans,https://www.google.com/search?q=https://linkedin.com/in/zaraecontent,zara.evans@contenthub.media,Content Hub Media,Content Writer,2024-10-29
Michael,Flynn,https://www.google.com/search?q=https://linkedin.com/in/michaelflynnpm,michael.flynn@pmworks.co,PM Works,Program Director,2024-07-10